<?xml version="1.0" encoding="UTF-8" standalone="yes"?>
<addon id="repository.komo" name="KOMO Repository" version="1.0.0" provider-name="KOMO">
    <extension point="xbmc.addon.repository" name="KOMO Repository">
        
        <dir>
            <info compressed="false">https://raw.githubusercontent.com/SoulTV/soultv.github.io/master/zips/addons.xml</info>
            <checksum>https://raw.githubusercontent.com/SoulTV/soultv.github.io/master/zips/addons.xml.md5</checksum>
            <datadir zip="true">https://raw.githubusercontent.com/SoulTV/soultv.github.io/master/zips/</datadir>
        </dir>
        
    </extension>
    <extension point="xbmc.addon.metadata">
        <summary>KOMO Repository</summary>
        <description>KOMO</description>
        <disclaimer>KOMO</disclaimer>
        <platform>all</platform>
        <assets>
            <icon>icon.png</icon>
            <fanart>fanart.jpg</fanart>
        </assets>
    </extension>
</addon>